Date/Time,LV ActivePower (kW),Wind Speed (m/s),Theoretical_Power_Curve (KWh),Wind Direction (Â°),date,tavg,tmin,tmax,wdir,wspd
2018-01-01,1535.2044833236253,8.02297467655604,1622.990047940644,229.73524188995316,2018-01-01,9.1,3.0,15.0,214.0,20.8
2018-01-02,3182.5642496744763,12.000547776619547,3314.693470949764,197.85978942447193,2018-01-02,7.3,5.0,10.0,146.0,15.2
2018-01-03,1017.793340197866,6.650189283821311,1072.9563609421696,192.4760445488819,2018-01-03,6.4,4.0,7.0,31.0,25.8
2018-01-04,834.4868690310486,6.232531402993384,838.463088376015,121.29914171113712,2018-01-04,8.7,6.0,12.0,351.0,19.5
2018-01-05,123.71734536356378,3.121433587123945,130.34229096718445,154.9066660486987,2018-01-05,9.1,6.0,12.0,232.0,13.7
2018-01-06,592.1282273277635,4.090141479458117,659.139896701028,182.60481263569378,2018-01-06,9.8,1.0,17.0,270.0,15.5
2018-01-07,3262.8306477864558,12.193146546681676,3366.1390982650055,210.71570830874924,2018-01-07,11.7,6.0,15.0,324.0,18.6
2018-01-08,626.4213210625769,5.67738643371396,688.044216635467,216.72531308068125,2018-01-08,13.3,10.0,18.0,355.0,17.8
2018-01-09,358.62668490409806,4.725272687772905,359.78159708886056,140.1185183690652,2018-01-09,14.3,9.0,18.0,289.0,36.3
2018-01-10,232.42787662228616,3.4369932922224153,267.8880748055212,171.9276213844613,2018-01-10,15.0,10.0,22.0,315.0,35.2
2018-01-11,1128.4133266342992,7.426239795154988,1354.9267085391837,187.42606321970578,2018-01-11,13.8,12.0,17.0,338.0,18.1
2018-01-12,117.06513851943537,3.2046138773431263,124.53542147042226,164.99290162866734,2018-01-12,12.4,8.0,16.0,268.0,37.6
2018-01-13,2626.1016822391066,11.306305428345961,2974.028159866388,54.616602102915394,2018-01-13,10.6,5.0,16.0,273.0,40.3
2018-01-14,237.32543606228262,10.143282208177757,2148.5263579041584,43.01644161012433,2018-01-14,12.8,6.0,18.0,273.0,42.7
2018-01-15,533.6936859722346,5.248890497825205,743.0562067221144,144.40197663836972,2018-01-15,11.0,6.0,17.0,287.0,31.2
2018-01-16,2012.6597017182228,13.326537761423275,3533.7738397889834,201.2602965037023,2018-01-16,12.0,8.0,17.0,285.0,33.8
2018-01-17,3299.338768005369,14.864676919248316,3576.309301482252,194.42657036251447,2018-01-17,9.8,6.0,15.0,277.0,29.2
2018-01-18,2345.570492307343,11.564598189459872,2822.9436813256807,294.2387554380624,2018-01-18,12.3,6.0,19.0,278.0,32.5
2018-01-19,2406.095936669241,9.999656859371372,2416.6614371433416,219.65005387200202,2018-01-19,14.5,10.0,22.0,295.0,38.5
2018-01-21,3158.51019117567,12.263143102327938,3272.6717398948826,192.35031901465473,2018-01-21,13.0,9.0,16.0,287.0,37.2
2018-01-22,1113.4700858127828,7.261575948860896,1401.7013442367822,60.00095800558707,2018-01-22,10.0,3.0,15.0,280.0,24.8
2018-01-23,450.4574129217193,9.265046579970239,2119.295300670743,23.43003364404038,2018-01-23,8.5,1.0,14.0,256.0,27.9
2018-01-24,43.09984246806957,9.773232466644687,2612.240358580359,32.47170828448397,2018-01-24,11.8,7.7,17.0,277.0,37.1
2018-01-25,0.0,9.35841328567927,2353.118408932101,38.42890379163949,2018-01-25,12.8,7.0,21.0,285.0,28.5
2018-01-26,565.50477365347,8.997265485616817,2147.4848289420725,45.07959326719621,2018-01-26,14.9,11.0,20.0,279.0,26.4
2018-01-27,,,,,2018-01-27,13.8,10.0,19.0,289.0,30.3
2018-01-28,,,,,2018-01-28,12.3,8.0,17.0,281.0,38.4
2018-01-29,,,,,2018-01-29,12.8,7.0,18.0,296.0,36.5
2018-01-30,362.00467572893365,9.721435402120834,2431.3840610814586,253.3782260928831,2018-01-30,10.3,6.0,16.0,242.0,24.4
2018-02-01,3402.762685563827,14.954778724246504,3443.0607489857193,201.74360455406992,2018-02-01,13.6,7.0,22.0,273.0,38.0
2018-02-02,3532.1562347412087,18.555734607908413,3600.0,196.4634653727209,2018-02-02,17.3,13.0,21.0,278.0,36.7
2018-02-03,3602.284059312606,19.296762168407394,3600.0,192.77450148264518,2018-02-03,16.9,12.0,25.0,301.0,29.9
2018-02-04,2677.768966931434,14.844114772147568,2692.6079741729573,166.54704854885702,2018-02-04,15.7,8.0,19.0,267.0,21.5
2018-02-05,1356.2039478619868,7.68566609091228,1475.5687368913382,59.53901481628413,2018-02-05,11.5,3.0,19.0,291.0,27.9
2018-02-06,763.9314475763163,5.94932990603976,958.7058019606037,99.08880771530981,2018-02-06,12.3,8.0,17.0,321.0,24.4
2018-02-08,2936.241124471026,11.523565825488793,3117.575088621234,216.03528160519025,2018-02-08,8.8,3.0,14.0,280.0,31.2
2018-02-09,662.5575235277119,5.4170865822169425,755.1191047203331,209.88421993785394,2018-02-09,7.5,0.0,13.0,199.0,20.4
2018-02-11,2100.31257441143,9.200648657149712,2183.0213890747464,228.56120554606073,2018-02-11,8.2,0.0,15.0,272.0,25.5
2018-02-12,1.4780438576514507,1.8037730645802244,6.8239611059053376,204.3198195894555,2018-02-12,12.4,8.0,17.0,267.0,42.5
2018-02-14,3406.9069332546633,14.332993606726282,3499.22727135633,187.01552867889353,2018-02-14,10.9,6.0,16.0,274.0,37.8
2018-02-15,1642.9011336697451,8.03595585541591,1777.6176584734437,119.91759536001395,2018-02-15,10.3,2.0,16.0,321.0,14.2
2018-02-18,16.06667155296434,2.196949406113058,18.373486111103475,131.82704447375374,2018-02-18,11.3,9.0,15.0,226.0,15.6
2018-02-19,2651.3915918138264,10.317869133419428,2794.475311582424,66.98974317974509,2018-02-19,10.4,7.0,14.0,281.0,19.5
2018-02-20,606.8032465203291,5.16478735953569,642.2829874578586,84.11243298318637,2018-02-20,12.8,9.0,18.0,316.0,28.5
2018-02-21,219.06516314380667,3.569992930110953,243.17064740102282,123.78383066712121,2018-02-21,12.5,7.0,20.0,345.0,33.2
2018-02-22,147.1746473354803,5.0440724218885045,708.9791044812259,194.81819813119003,2018-02-22,11.5,5.0,19.0,290.0,32.3
2018-02-23,891.9621644616112,8.109532075623658,1786.94887984704,59.29534865750202,2018-02-23,11.5,6.0,18.0,324.0,22.5
2018-02-24,575.564669445156,5.108722055537829,594.8096919512899,97.88144572575871,2018-02-24,13.4,8.0,21.0,317.0,23.1
2018-02-25,264.6862959002863,8.478272742695268,1864.2459026325903,53.06327319145198,2018-02-25,12.7,7.0,18.0,285.0,28.9
2018-02-26,1261.9876965416788,9.43760482470192,2172.5709669622543,130.09408919016488,2018-02-26,13.1,8.0,16.0,274.0,33.8
2018-02-28,1448.5125252994592,8.85781048734981,1598.6897079751388,148.22152170538874,2018-02-28,12.7,9.0,17.0,309.0,38.8
2018-03-01,946.0591765509703,6.628722937984582,1189.1685800812397,143.1410184767508,2018-03-01,11.1,7.0,16.0,283.0,46.9
2018-03-02,3231.555320951671,14.906118651231083,3506.7717890225413,195.91688569386756,2018-03-02,13.2,6.0,17.0,298.0,35.5
2018-03-04,1897.7235193791166,10.947821884519493,1954.6738589220358,180.22226098448832,2018-03-04,7.9,1.0,16.0,280.0,26.4
2018-03-05,772.1458062993147,5.8251402440170335,888.7925721824165,163.88953044679386,2018-03-05,11.7,7.0,18.0,299.0,44.5
2018-03-06,3326.941890292695,14.369281248913827,3417.5954141035077,198.67427794138547,2018-03-06,12.9,10.0,14.0,293.0,26.8
2018-03-07,3378.5863664415124,16.088804112540302,3526.972502914853,212.9062510596376,2018-03-07,11.3,6.0,16.0,304.0,29.6
2018-03-09,13.639416456222518,2.7067907976193513,40.72011365979007,250.36180302417904,2018-03-09,6.2,2.0,11.0,238.0,11.8
2018-03-10,383.8977272427161,4.267790407567585,475.18974397538614,126.69263922751344,2018-03-10,5.4,-2.0,11.0,313.0,19.6
2018-03-11,1132.7668538061478,6.812015106280628,1264.8815431994192,219.82006136576288,2018-03-11,10.7,8.0,14.0,303.0,23.9
2018-03-12,1814.586851543848,9.168704440196334,1989.1368746624657,198.02596579657614,2018-03-12,11.1,8.0,15.0,301.0,30.9
2018-03-15,1368.0852023876355,7.279897596273141,1538.8028635479327,212.42793055375375,2018-03-15,6.6,3.0,12.0,272.0,13.5
2018-03-16,2434.3104462093743,11.119647400246699,2549.282913520417,200.9467165205209,2018-03-16,4.5,1.0,8.0,204.0,12.3
2018-03-17,3389.4455538855636,16.547804097334495,3579.214442792434,194.68152872721305,2018-03-17,6.7,1.0,13.0,289.0,34.2
2018-03-18,3245.5485941568986,15.256162156661311,3350.289334113349,199.280179129706,2018-03-18,9.1,2.0,13.0,294.0,33.6
2018-03-19,1585.6931148875071,8.145406137737945,1703.1714752824387,208.67744223276728,2018-03-19,2.9,-3.0,10.0,249.0,21.3
2018-03-20,2932.6448610093835,13.46445825364851,3069.203882305526,221.23248238033665,2018-03-20,8.3,2.0,15.0,267.0,29.5
2018-03-21,2403.1811342413207,9.953818817933369,2543.986443423084,196.8269028200039,2018-03-21,7.7,1.0,11.0,314.0,17.6
2018-03-22,2003.2250226868503,8.977829557326078,2108.7840948577964,84.29157137870776,2018-03-22,10.4,6.0,15.0,297.0,26.5
2018-03-25,1216.404749519294,7.079466273387257,1258.4575027893497,198.12084346347336,2018-03-25,10.7,7.0,15.0,292.0,30.8
2018-03-26,2394.5787578986733,11.365639633602532,2589.078403807603,187.08393955230665,2018-03-26,9.1,5.0,11.0,316.0,33.4
2018-03-27,2481.1463529798693,11.01555615994662,2703.3525016202952,220.99598662058463,2018-03-27,5.9,1.0,12.0,322.0,33.5
2018-03-28,908.2361274225004,6.080719340178695,977.9267491846172,124.12407966537583,2018-03-28,7.3,1.0,11.0,296.0,27.6
2018-03-29,1785.9255462918,7.950028998984207,1821.886947568365,47.72871720790856,2018-03-29,5.9,1.0,11.0,315.0,37.1
2018-03-31,2066.2847736146696,10.560129715336666,2170.322172657661,194.69494989183164,2018-03-31,7.9,4.0,14.0,291.0,34.9
2018-04-01,2886.697245703801,15.66581860515802,3295.8373556147935,213.42697938283237,2018-04-01,10.9,9.0,14.0,288.0,26.9
2018-04-04,15.956441736304651,2.4239144737903846,30.466163072397826,109.30911195694958,2018-04-04,4.9,1.0,9.0,89.0,24.2
2018-04-05,10.812398397260218,2.8316696061649207,171.638133474579,167.97880615790655,2018-04-05,5.6,1.0,9.0,235.0,25.2
2018-04-06,1108.6795291834394,5.825457440896149,1270.0575579162594,65.73474620448211,2018-04-06,3.8,-1.0,8.0,276.0,24.2
2018-04-08,1211.052833827337,7.129559948212553,1385.4911254594413,61.348279794057134,2018-04-08,1.6,-4.0,8.0,285.0,21.2
2018-04-09,417.1528335635853,5.025152001943848,505.8822330162197,80.01739989386651,2018-04-09,8.6,7.0,11.0,322.0,29.0
2018-04-10,61.2011817399825,2.807008155932025,88.42252005239597,99.51466752423164,2018-04-10,5.9,1.0,11.0,306.0,22.1
2018-04-11,16.029824301186505,2.5659377798438023,30.548277367052677,229.9721910158789,2018-04-11,2.3,-1.0,9.0,271.0,23.3
2018-04-12,10.045927266279833,2.009021751168697,16.91599879877207,142.95499068746938,2018-04-12,5.8,2.0,12.0,266.0,29.0
2018-04-13,37.942496202058194,2.6018595558901585,62.97555993419197,92.20615115272798,2018-04-13,7.5,3.0,12.0,333.0,18.5
2018-04-14,1291.1358108487384,7.1533660002880435,1393.9428402159892,62.34423363208766,2018-04-14,6.9,2.0,12.0,309.0,13.5
2018-04-15,2944.4551232655817,12.020121319426387,3104.075083082891,78.86587124400664,2018-04-15,9.6,6.0,14.0,298.0,19.8
2018-04-17,252.58970350027045,4.403578897622911,380.51808396897553,112.60449829101543,2018-04-17,4.9,1.0,10.0,280.0,15.3
2018-04-18,1227.8263412614647,7.8692531337340546,1511.2978776409675,45.08387041091914,2018-04-18,6.8,0.9,13.0,332.0,22.3
2018-04-19,2763.9015947977673,11.328966650697883,2981.809126233039,44.77300715446468,2018-04-19,6.1,1.8,13.0,306.0,26.4
2018-04-20,1945.3552395357833,8.550833831230776,2042.085862252001,79.31940597626888,2018-04-20,5.9,-0.2,11.6,324.0,26.6
2018-04-21,899.2089961369819,6.490129833420111,961.2252948900782,41.29668787452904,2018-04-21,5.2,0.8,9.8,322.0,28.6
2018-04-22,75.88680035372566,2.3152158338990443,98.2195364498801,117.63910148209976,2018-04-22,3.2,-0.5,9.8,294.0,31.5
2018-04-23,251.27843001815972,4.303034091161352,330.5365443173298,164.20656742134827,2018-04-23,4.3,0.0,10.0,296.0,32.9
2018-04-24,162.4995765565996,4.030880490938817,216.80385691823852,69.08958819177406,2018-04-24,6.8,2.8,11.8,311.0,28.4
2018-04-25,179.10381885204032,3.8911257816685523,236.73853330016198,49.20760955413178,2018-04-25,6.8,3.8,11.8,256.0,15.1
2018-04-26,440.24056346548883,5.17869646267758,520.9251412393003,96.91511857509599,2018-04-26,2.8,0.0,9.4,145.0,24.7
2018-04-27,1441.2968468036902,7.886668776472387,1607.3191036642056,85.0237035403648,2018-04-27,1.8,-2.0,5.0,210.0,14.2
2018-04-28,2771.0785942077614,11.54485692580537,3076.929655697474,68.74084456761673,2018-04-28,0.4,-5.0,7.3,283.0,21.8
2018-04-29,920.7083336561902,6.29790089320804,1179.7605975210818,98.38299560546854,2018-04-29,5.2,-3.3,8.9,266.0,32.4
2018-04-30,229.07443642285094,4.594740005830919,346.26782166602766,105.0641496438118,2018-04-30,4.1,-2.9,9.0,305.0,22.3
2018-05-01,39.15689854944738,3.0594400502741284,66.93251834782991,255.85545253753617,2018-05-01,3.1,-3.0,10.2,302.0,16.2
2018-05-02,46.45532611752617,2.7333869358731593,73.09243637228909,151.5563739997642,2018-05-02,3.9,-3.0,11.0,311.0,16.6
2018-05-03,235.0402079751297,4.6817062521974195,371.8415538729644,80.71007410685212,2018-05-03,4.8,0.8,11.0,257.0,23.2
2018-05-04,525.2783771627434,4.748778659963238,687.506691117221,112.16445922851541,2018-05-04,5.8,0.8,9.0,273.0,37.0
2018-05-05,331.15905273661684,3.835065664309589,433.3672050232706,125.30747476820294,2018-05-05,6.1,4.0,10.0,281.0,34.2
2018-05-06,674.1791576047211,4.872488596787046,804.5821783794541,188.15280124048354,2018-05-06,4.8,2.0,10.0,299.0,19.7
2018-05-07,575.7866390217088,5.383445127142795,717.1349460345996,242.64990506403936,2018-05-07,7.0,2.0,13.0,291.0,25.0
2018-05-09,342.32406845937135,5.094212647941372,415.39782938810635,258.934847215811,2018-05-09,10.4,6.0,15.0,288.0,33.5
2018-05-10,69.27644816703254,3.052517277085114,92.42526033835661,215.5514864126838,2018-05-10,4.1,1.0,12.7,169.0,22.4
2018-05-11,605.7299500372668,5.58941164778338,673.9202678732933,233.5469361088339,2018-05-11,2.7,1.0,6.0,146.0,12.6
2018-05-12,2394.636395772295,9.810385068257627,2595.3325720257053,40.87176277902386,2018-05-12,1.0,-4.0,5.6,208.0,9.2
2018-05-13,529.0156311067847,5.107302340368422,605.3483203487954,94.77075831757638,2018-05-13,-3.6,-8.0,4.9,231.0,10.0
2018-05-14,0.0758730570475257,1.718271600910355,0.9964936460386298,242.55543818503273,2018-05-14,-3.3,-8.0,4.0,234.0,10.6
2018-05-15,412.72642224631215,4.3690044648117405,495.7215100836435,200.6335395839475,2018-05-15,-2.3,-7.5,5.0,238.0,16.0
2018-05-16,1709.6501555972611,8.731717003716339,2022.6290633046835,212.0145417319399,2018-05-16,1.5,-5.0,8.0,233.0,10.8
2018-05-17,1137.9690324258456,7.608837347891583,1456.008292032834,220.0343813366356,2018-05-17,-1.2,-7.0,8.0,201.0,8.1
2018-05-19,143.84060351604566,3.85941213369369,202.12422488308837,146.51997376647222,2018-05-19,6.7,-0.2,8.3,352.0,23.3
2018-05-20,719.7482050094327,6.227729735275105,837.3224535548867,52.695603364043706,2018-05-20,3.3,-0.4,8.0,295.0,19.6
2018-05-21,1661.7363747490747,8.654518233405211,1933.6187666882122,65.55344655778669,2018-05-21,4.3,-0.5,7.4,286.0,27.5
2018-05-22,658.5114083554995,5.869301680061548,744.885180314135,54.81198094950776,2018-05-22,1.5,-2.0,6.3,275.0,14.4
2018-05-23,99.11216402677286,3.7233196248610767,134.7871090350687,94.40677234861569,2018-05-23,0.6,-2.0,5.5,272.0,13.9
2018-05-24,505.0614063905333,4.994922348194646,620.7603934616434,113.90417815579286,2018-05-24,3.1,-2.0,5.3,251.0,9.9
2018-05-25,1751.3762014177084,8.470168718033353,1913.1994712813055,50.43878463904058,2018-05-25,5.3,3.0,8.0,106.0,11.9
2018-05-26,2480.6260681152316,10.160634332232975,2646.3024986824676,40.97206405798589,2018-05-26,6.3,4.6,8.2,270.0,19.5
2018-05-27,1565.491297945061,8.27117866150875,1742.730654159195,54.43432444038114,2018-05-27,1.9,-3.0,8.0,268.0,18.5
2018-05-28,1683.245702107745,8.492221375306436,1851.2022370080756,33.331970618830745,2018-05-28,-1.6,-5.0,4.4,288.0,17.3
2018-05-29,1379.3818225198306,7.616618078615916,1501.679058861546,42.61582859357193,2018-05-29,1.9,-4.0,4.0,278.0,26.6
2018-05-31,1170.3346726099635,7.415396418836376,1335.184718003217,34.64478409290309,2018-05-31,4.5,2.6,6.0,269.0,34.6
2018-06-01,1724.368165122136,8.77644612722925,1896.5716168809709,49.66398097409138,2018-06-01,5.4,1.0,8.0,255.0,28.3
2018-06-02,888.6125541776404,6.780076174272425,1028.7622135342765,56.355165839195195,2018-06-02,1.9,-1.3,8.2,260.0,15.3
2018-06-03,361.8360408246509,4.978749253683614,448.4285183291486,57.59917502353582,2018-06-03,2.8,-1.5,7.1,283.0,14.1
2018-06-04,44.40320712327947,2.8977778944766706,73.17342020483038,230.064960324539,2018-06-04,-1.0,-8.5,8.1,245.0,13.8
2018-06-05,220.34641994087823,4.320662863604667,284.7243321727366,248.20616768790245,2018-06-05,-1.2,-6.6,8.3,216.0,7.8
2018-06-06,365.19655069377654,4.195635656929671,420.0504939221746,217.7736020386215,2018-06-06,1.2,-2.3,5.1,235.0,13.7
2018-06-07,172.8138064477175,3.4926549829542592,221.47599791358613,109.91430672672045,2018-06-07,-0.7,-6.6,5.5,280.0,14.9
2018-06-08,306.0548810797429,5.0640704698032755,400.1895314152122,61.123902360598194,2018-06-08,5.3,-6.0,6.2,66.0,23.5
2018-06-09,47.67510880840317,2.4165480374875954,69.1738848046969,122.66727338896833,2018-06-09,0.6,-2.0,5.7,226.0,9.0
2018-06-10,1458.8248490570097,7.419786600602977,1670.416552761075,99.0364743603599,2018-06-10,1.6,-1.5,3.0,224.0,9.1
2018-06-11,3265.5002204047287,12.762709359327905,3420.576972661548,56.4702365663316,2018-06-11,-1.9,-6.0,3.2,219.0,9.1
2018-06-12,2192.526673210989,10.292764812707878,2418.8061126207726,57.9388464821709,2018-06-12,-3.2,-6.0,1.3,230.0,9.4
2018-06-14,214.92410186305574,2.8884070192774094,275.7408825005529,208.6743800772557,2018-06-14,-3.0,-7.4,3.0,293.0,10.3
2018-06-15,861.0381433288037,6.205829634020717,1040.3169401022392,176.05245153109192,2018-06-15,1.2,-6.2,6.0,298.0,8.7
2018-06-16,681.9992155107577,5.792030701687273,838.7809383458292,126.35555329022682,2018-06-16,4.8,-1.8,8.0,304.0,27.8
2018-06-17,41.88236800105199,3.0524894181224984,66.92987101732602,265.1069950809078,2018-06-17,1.8,-2.0,8.0,315.0,22.4
2018-06-18,149.7303934898226,3.6069421768188428,186.18687249423158,199.65055027148765,2018-06-18,0.9,-2.7,6.0,311.0,26.4
2018-06-19,1398.4979990853183,7.781979430052953,1578.1880152891056,35.76657000515191,2018-06-19,1.4,-0.7,4.6,295.0,37.0
2018-06-20,1382.486017862953,7.902168545458044,1590.1954410590238,50.65570869710706,2018-06-20,2.2,0.5,4.0,291.0,40.9
2018-06-21,202.99300153967374,3.6178009127163175,253.3590162964502,73.56870480544029,2018-06-21,-0.7,-3.3,4.4,273.0,30.3
2018-06-22,374.50963629834223,4.025894773589976,462.0125314873863,213.45944872811083,2018-06-22,-3.2,-6.2,1.8,248.0,21.4
2018-06-23,996.7685551196316,6.528376282917122,1117.736538226175,126.96877866983391,2018-06-23,-3.7,-6.5,1.0,253.0,16.5
2018-06-25,2195.476732042098,9.648903754022363,2507.67384915937,58.26899419890505,2018-06-25,1.3,-3.1,3.0,73.0,17.5
2018-06-26,974.7880820010561,6.587369143540119,1124.162503366162,101.51887409399569,2018-06-26,0.8,-0.4,3.3,305.0,9.6
2018-06-27,1194.9755372347017,7.26433571777511,1401.4253497483926,166.7555942366605,2018-06-27,-1.6,-4.0,1.0,213.0,6.6
2018-06-29,1876.0451647440564,9.066211962037594,2170.6084578467935,211.4339214960729,2018-06-29,-3.9,-7.0,0.2,252.0,14.0
2018-06-30,1951.0367476145393,9.289766801728124,2239.355161138994,223.16773329840717,2018-06-30,-3.2,-6.0,1.0,253.0,14.5
2018-07-01,399.5336089336513,4.928567849927473,488.35099363612585,128.46215001410891,2018-07-01,-1.3,-4.0,1.5,243.0,17.5
2018-07-02,1160.969303343029,7.856046613719719,1521.2657856856279,64.48604287041553,2018-07-02,-4.7,-7.6,1.3,247.0,13.8
2018-07-03,500.60050216544704,5.385143581363885,623.938185379009,68.14470880561397,2018-07-03,-1.8,-7.0,0.5,237.0,8.9
2018-07-04,939.5586778852661,7.128685093588293,1199.8025759321201,57.62726081742176,2018-07-04,-6.6,-10.0,0.9,221.0,9.9
2018-07-05,438.7286822663406,5.484460289279614,566.4321859731714,55.5957295497258,2018-07-05,-3.7,-9.8,-0.7,208.0,7.7
2018-07-06,118.48615543109655,3.817015676862658,160.84473323939258,34.96125597092835,2018-07-06,-0.7,-7.5,2.0,178.0,8.9
2018-07-07,815.6687482578874,6.733889952301974,1002.8425857387647,56.61579730775616,2018-07-07,0.7,-3.0,2.2,235.0,9.9
2018-07-08,849.8147618836812,6.587489770518401,1014.7300489609697,52.110880513985904,2018-07-08,-0.9,-5.5,4.0,272.0,9.1
2018-07-09,172.1689302155538,4.056644587053189,226.91452814413415,68.04384493165537,2018-07-09,4.4,-2.3,8.3,324.0,24.1
2018-07-10,85.48495628767532,3.328490075137875,124.84422112552585,75.29054780231985,2018-07-10,3.8,1.0,8.5,310.0,26.2
2018-07-11,1422.6903565459763,8.033721637394676,1709.1835866241393,49.054406497213535,2018-07-11,1.7,-0.5,5.5,297.0,31.8
2018-07-12,1575.53234142727,8.519528816143664,1868.534355717492,46.6188318861855,2018-07-12,0.0,-2.5,3.8,249.0,19.7
2018-07-13,1386.8581661648193,8.10717194610171,1653.8415882915053,32.93023146523365,2018-07-13,-3.8,-7.0,3.2,240.0,13.3
2018-07-14,885.287056287128,6.870606604549615,1042.9280642548115,29.528293699026058,2018-07-14,-2.4,-6.8,2.4,223.0,9.6
2018-07-15,391.3161382003579,5.0894847851660465,490.11600061601246,115.53249386863561,2018-07-15,-4.2,-7.3,2.7,244.0,10.7
2018-07-16,58.35942024282274,3.3526714386211456,81.69308714212497,229.69949420293136,2018-07-16,-7.8,-12.5,0.5,241.0,10.3
2018-07-17,244.1694621054659,4.484267080823575,311.64490181240666,249.0486072964134,2018-07-17,-7.2,-12.5,-1.0,226.0,11.4
2018-07-18,217.1834310955468,3.7302587462796057,251.11571203220865,258.9525691639214,2018-07-18,-5.5,-11.2,1.0,273.0,11.6
2018-07-19,434.7319573031525,5.400208079152632,505.3980369731311,266.6680870056148,2018-07-19,-6.2,-12.5,3.0,275.0,13.6
2018-07-20,312.0673026116561,4.921054171191317,384.8325559125873,210.7115643521147,2018-07-20,3.3,2.0,4.0,353.0,23.8
2018-07-21,98.12311370505209,3.683869944678407,140.1262361579124,62.23096227138813,2018-07-21,-0.4,-4.0,4.5,236.0,10.8
2018-07-22,15.03114172304045,2.2203305409186367,20.413132035549644,200.72614680323719,2018-07-22,-2.0,-5.0,2.0,268.0,15.5
2018-07-23,25.786854081683657,2.5917756636109575,43.32932349766652,146.70478545957113,2018-07-23,3.4,-3.8,6.3,309.0,29.7
2018-07-24,433.74168485113273,4.450670754330019,489.9629108223268,204.25508612477083,2018-07-24,5.0,1.0,8.0,309.0,35.7
2018-07-25,60.75169500708566,2.993252422453624,79.48889650038728,276.2596365047821,2018-07-25,2.8,0.0,7.8,308.0,20.1
2018-07-26,66.09858308037887,2.952330370744065,91.98451364897954,194.436915086375,2018-07-26,2.5,-0.4,7.4,306.0,20.7
2018-07-27,85.57678361639961,2.725993317862347,104.75427440185882,178.9423468311624,2018-07-27,0.1,-3.0,7.0,321.0,7.1
2018-07-28,6.820141364302889,1.9341349945300108,11.58576357178623,151.9200719687051,2018-07-28,2.6,-3.0,4.0,291.0,26.8
2018-07-30,416.4360316325385,5.221556319958629,489.6257199379457,56.138417104879956,2018-07-30,0.3,-2.1,3.7,267.0,25.1
2018-07-31,1075.072159979077,7.258061677217477,1263.7009842178381,57.714813497331356,2018-07-31,3.2,-1.4,8.0,307.0,27.4
2018-08-01,898.0617439481925,6.956265840265481,1061.4973773965687,47.17177140050459,2018-08-01,3.9,1.0,8.0,291.0,31.0
2018-08-02,1653.5000132313953,9.083610431297654,2140.08719568125,40.34467683138542,2018-08-02,3.6,2.0,7.6,338.0,20.6
2018-08-03,1902.4764408595106,9.696791618642651,2336.608899176892,41.1657161309685,2018-08-03,3.2,0.0,5.8,307.0,38.2
2018-08-04,2919.4527757432706,11.771746658616552,3342.124817594919,53.49119190375006,2018-08-04,0.3,-3.0,5.1,285.0,31.1
2018-08-05,2985.5039978027326,11.601962924003558,3222.595446627256,54.211346811718364,2018-08-05,-0.4,-4.0,4.0,312.0,14.1
2018-08-06,1664.488343768647,8.6783869465192,1985.9994973914816,51.038439657953,2018-08-06,0.4,-4.3,4.7,155.0,15.2
2018-08-07,2171.4828694661433,9.70278529657255,2519.2463574677126,47.41761668523148,2018-08-07,1.1,-0.1,3.0,137.0,11.5
2018-08-08,2205.6456811692956,9.7205742564466,2530.2366615767514,46.99122525586017,2018-08-08,2.3,-0.4,5.0,4.0,19.9
2018-08-09,2546.602874332001,10.380900416109263,2778.9099838029015,45.98350503709577,2018-08-09,4.8,0.8,5.4,350.0,31.2
2018-08-10,3344.4836925930417,13.02994305888807,3457.895444385827,54.19173330730857,2018-08-10,2.1,-2.6,7.0,266.0,8.7
2018-08-11,3507.514394972057,13.535419636302471,3568.717082521177,48.57834361659151,2018-08-11,0.4,-4.0,7.0,136.0,10.2
2018-08-12,2927.640099419485,11.365969310204147,3148.238259372274,50.842911058002,2018-08-12,3.4,-3.9,7.3,318.0,15.0
2018-08-13,2649.9409137301946,10.749524083402383,2980.8815571756722,61.04107948144272,2018-08-13,2.5,-0.5,7.6,297.0,14.4
2018-08-14,1425.6370465366356,7.926093804339546,1765.9922788106212,59.21384971671629,2018-08-14,3.3,-0.2,9.0,320.0,27.0
2018-08-16,599.9486810166095,6.137253471521226,733.4889625966504,51.48431365673355,2018-08-16,3.2,0.0,8.0,289.0,20.8
2018-08-17,964.2658936312928,6.920653980286389,1149.3405254220793,49.14053636300755,2018-08-17,3.6,0.0,7.5,305.0,37.3
2018-08-18,2030.7399804857018,9.782798952526493,2259.83644354078,45.492235177093036,2018-08-18,1.0,-2.0,6.2,280.0,23.0
2018-08-19,3369.5359785291857,13.031235787603542,3502.283207448936,54.69979132546314,2018-08-19,5.6,-2.1,10.0,305.0,48.0
2018-08-20,3014.6950844658722,11.379011382659227,3291.222567366375,53.4669888152016,2018-08-20,7.3,3.5,10.2,307.0,42.2
2018-08-21,1687.416401757131,8.78052440616818,2003.7104542688633,50.34072157409451,2018-08-21,7.0,2.0,11.0,294.0,27.0
2018-08-22,2706.7896491156653,11.187928378581965,2946.175584260822,58.958209501372394,2018-08-22,4.4,2.0,11.1,77.0,22.6
2018-08-23,3175.120412190752,12.254834022786834,3415.29619867158,66.02442900339757,2018-08-23,3.9,2.0,7.0,270.0,33.2
2018-08-24,1548.610203107196,8.372968564430856,1830.399624574349,60.49110725190899,2018-08-24,2.7,-0.6,7.0,308.0,29.8
2018-08-25,447.3221204015939,4.99636245808667,533.3316746361846,81.98478799396081,2018-08-25,4.7,1.9,8.0,288.0,27.7
2018-08-26,111.02672791636225,3.2142894818550958,142.6833273370064,62.10710934963484,2018-08-26,1.7,-3.3,8.0,168.0,11.5
2018-08-27,464.2467603948374,5.418141806291204,557.503929942741,52.63225057389996,2018-08-27,2.6,-0.3,6.2,302.0,22.0
2018-08-28,1952.1739535596612,9.371960371732689,2217.9942429010835,50.75391423702236,2018-08-28,1.4,-0.2,6.3,295.0,31.7
2018-08-29,1502.285997708636,8.30793194969494,1769.7832948045577,34.505149914158665,2018-08-29,1.8,-0.6,4.0,261.0,37.9
2018-08-30,1190.8373187846591,7.500581189990031,1379.3912054988862,36.341285358700446,2018-08-30,2.3,-2.0,10.0,257.0,21.2
2018-08-31,2546.0998975965686,10.884942442178698,2824.999527624606,58.0171158181296,2018-08-31,0.4,-5.9,10.0,297.0,16.2
2018-09-01,2642.8653407626653,11.30776907006896,2868.072804640377,65.486388431655,2018-09-01,3.1,-5.9,7.2,342.0,18.5
2018-09-02,2688.1101163228323,11.117646439207888,2926.527628526587,61.220539013544666,2018-09-02,3.9,0.2,8.0,296.0,39.4
2018-09-03,1618.8126982961428,8.261739449368566,1798.6971521380171,62.09266926182636,2018-09-03,4.2,2.0,8.3,326.0,39.0
2018-09-04,109.16730273928891,3.533818281773059,158.89726534555098,66.17135072416721,2018-09-04,2.9,-0.5,6.8,266.0,40.8
2018-09-05,487.0105828940857,4.884982072644758,584.6393211611517,42.16674231882718,2018-09-05,4.3,-0.4,9.0,318.0,21.9
2018-09-06,246.23108308871696,4.335240619165909,343.99447178218867,249.7407191866758,2018-09-06,3.8,1.0,8.8,31.0,12.2
2018-09-07,300.593254892155,4.455934833321302,352.8850026381209,264.16357919904874,2018-09-07,3.9,-0.6,9.0,286.0,16.7
2018-09-08,442.35171143793326,4.935628492799065,549.5916616386106,143.01870704359453,2018-09-08,2.8,-2.8,9.6,314.0,26.7
2018-09-09,644.0563133462429,6.110813520020903,764.2033059239884,54.69351456562673,2018-09-09,4.9,0.0,11.0,333.0,19.6
2018-09-10,426.8996595755964,5.319502508474716,512.4598182412104,77.16427812316549,2018-09-10,3.6,0.7,10.8,26.0,13.7
2018-09-11,244.36761675292553,3.9812283159957946,296.941394099885,149.08934727725034,2018-09-11,4.7,-0.8,10.3,300.0,27.1
2018-09-12,914.720276719249,5.996218720244025,1013.1884725544098,45.44398093223566,2018-09-12,5.4,1.5,10.7,307.0,37.8
2018-09-13,1792.978073808695,8.668881234589135,1893.065049619896,92.75180183090518,2018-09-13,8.2,3.2,12.0,300.0,38.9
2018-09-14,886.5421352312532,6.350392269071674,991.4873807205024,232.80033372686194,2018-09-14,5.4,2.0,12.6,324.0,24.0
2018-09-15,91.04135377684379,3.1481602390607146,114.68903616393176,220.82131401697765,2018-09-15,4.3,1.0,8.1,276.0,41.2
2018-09-16,1004.3238061418122,6.289900543789055,1111.0852899746328,123.87851564089439,2018-09-16,2.8,-2.0,6.0,133.0,14.6
2018-09-17,2836.8350143432594,11.096484455797373,3004.061382673389,51.46676120493143,2018-09-17,3.8,-1.0,7.0,159.0,20.2
2018-09-18,2696.9776208665608,10.679965102010271,2858.362845545982,50.33107679420042,2018-09-18,1.2,-2.7,6.0,289.0,15.4
2018-09-19,2908.224897596569,10.993915680381944,3182.143269925924,59.631840811835346,2018-09-19,1.1,-4.1,8.0,290.0,11.9
2018-09-20,2288.6357036166696,9.865736130211065,2541.2125219833524,54.234606809086216,2018-09-20,3.2,0.5,5.0,128.0,12.2
2018-09-21,1128.295406712424,7.011520972578884,1255.5621443956263,66.21137536896592,2018-09-21,1.1,-2.6,6.0,188.0,13.1
2018-09-22,152.70388525579511,4.197768626113728,218.18883198760923,72.55431330204,2018-09-22,-0.3,-5.3,5.5,228.0,10.1
2018-09-23,464.6841206345699,5.501882157391966,581.9503761102583,55.94848503006825,2018-09-23,1.4,-4.0,6.0,212.0,12.5
2018-09-24,1129.070308218223,7.067443312870121,1316.028944371457,187.40568789141219,2018-09-24,1.8,-5.0,10.0,238.0,13.2
2018-09-25,3170.497720506454,11.822273764345335,3266.250210869414,35.77377674314706,2018-09-25,1.4,-5.3,9.6,254.0,12.1
2018-09-26,3586.202850341794,14.551750679810795,3593.325328035401,45.38758785194816,2018-09-26,1.0,-7.0,8.6,300.0,13.6
2018-09-27,3029.41048092312,11.823466999663205,3123.4557791897905,50.88204356034592,2018-09-27,2.0,-4.0,10.2,331.0,22.5
2018-09-28,2101.7376092993454,9.030376025872611,2283.4772325908425,82.36043592940916,2018-09-28,4.6,0.3,8.2,333.0,12.1
2018-09-29,,,,,2018-09-29,3.6,1.8,8.5,194.0,15.4
2018-09-30,,,,,2018-09-30,0.8,-5.0,4.2,217.0,17.0
2018-10-01,,,,,2018-10-01,1.8,-3.0,9.0,275.0,22.2
2018-10-02,0.0,2.1993082870136553,6.207335139626591,260.14204545454515,2018-10-02,3.6,-0.5,9.5,253.0,27.2
2018-10-03,223.58290472186954,4.116369874262415,285.9012106209628,256.76775622758663,2018-10-03,4.2,-2.0,11.0,243.0,25.5
2018-10-04,1064.799348087359,6.718809487091159,1202.7047175250327,89.70008937517792,2018-10-04,2.3,-5.3,11.0,275.0,17.0
2018-10-05,3349.6770968966985,12.182169901000082,3403.2363663116794,61.43749027782011,2018-10-05,7.3,-0.8,12.6,279.0,27.4
2018-10-06,1756.3961618095611,8.389405637979488,1860.4945863113708,73.03405282232487,2018-10-06,6.2,3.9,12.6,321.0,20.9
2018-10-07,218.76173940632052,4.065636702709723,237.69109352271698,87.01083784633188,2018-10-07,6.6,3.0,10.0,286.0,33.3
2018-10-08,575.0105243458715,5.612194312529424,696.8194262660337,57.01980712678692,2018-10-08,4.2,-1.0,11.0,344.0,19.0
2018-10-09,2959.8545362684436,11.22391304373737,3147.9546243519944,49.35466286871164,2018-10-09,4.7,-0.5,9.1,200.0,17.9
2018-10-11,991.6445715089129,6.36823910681737,1101.9977729587317,56.65145486593239,2018-10-11,6.7,3.0,13.6,290.0,28.9
2018-10-12,2403.453175438772,9.84935140609739,2601.7969331461827,54.09218668937678,2018-10-12,7.8,3.0,11.7,292.0,38.0
2018-10-13,1975.3362346225285,8.830847707059634,2063.752652550665,39.767405377493915,2018-10-13,5.9,1.6,11.0,272.0,44.7
2018-10-14,1196.2861622704381,7.306262153718198,1259.9382256924428,44.679316328631465,2018-10-14,5.1,-1.0,12.0,286.0,25.0
2018-10-15,1057.083826833299,7.069845068785874,1152.7077845534493,55.814845853381634,2018-10-15,3.6,1.0,12.0,5.0,33.2
2018-10-16,1334.4473434592683,7.613746320207903,1508.8120391853463,52.46598431799143,2018-10-16,4.4,1.0,9.0,223.0,25.9
2018-10-17,1168.5948732418713,7.33872438139385,1293.8879778180674,60.519747098286885,2018-10-17,4.2,0.8,9.0,158.0,25.8
2018-10-18,298.86570028210434,4.551795275674921,343.09767139690325,91.14440062310946,2018-10-18,5.0,-3.0,15.0,268.0,14.9
2018-10-19,12.53804849336541,1.9749626918799303,18.528717000130328,117.78262084060225,2018-10-19,3.3,-4.0,14.9,0.0,10.6
2018-10-20,313.8437941815285,4.229464565300274,346.9231662076351,51.60083771248651,2018-10-20,4.8,-2.4,12.1,357.0,17.7
2018-10-21,706.9915892018203,6.377970842851528,810.030048399853,31.23489478064903,2018-10-21,5.2,0.9,12.6,92.0,18.3
2018-10-22,1530.330498165552,8.317413048611739,1751.3487872468218,59.14812366167699,2018-10-22,5.4,-2.2,14.0,277.0,15.5
2018-10-23,1207.720276753106,6.999530392388485,1407.2134895383047,111.73230078485261,2018-10-23,5.9,0.0,11.0,45.0,17.5
2018-10-24,1910.7331456608217,9.222414667407653,2069.611501356604,246.74882019890634,2018-10-24,6.0,3.6,10.8,78.0,16.8
2018-10-25,2024.1888502492523,8.991821052299585,2100.5817659627915,259.6436619765458,2018-10-25,5.1,-1.0,10.3,41.0,13.4
2018-10-26,2019.9627202351865,9.078981654511539,2193.3677209195075,205.72695668538364,2018-10-26,5.9,3.6,8.6,30.0,14.9
2018-10-27,2588.5432573954236,12.146785090366969,2737.7502451049154,193.816664271884,2018-10-27,9.0,5.5,13.3,300.0,26.8
2018-10-28,2153.8459275563537,10.20556636651355,2285.462677484022,201.43861749437076,2018-10-28,9.3,5.0,16.2,313.0,27.0
2018-10-29,610.5979996836834,5.793611295521254,765.813172788907,191.7451816134978,2018-10-29,8.3,2.0,16.6,295.0,29.6
2018-10-30,1523.5471133801236,8.23482997475129,1822.7460137992896,201.53845879339354,2018-10-30,7.3,2.8,13.4,268.0,35.1
2018-10-31,360.7617208140708,3.7431407983486413,454.8028496974003,194.27156354830782,2018-10-31,7.7,1.4,15.0,303.0,30.1
2018-11-01,1052.7203641401384,7.1031943178839025,1321.899412274517,70.87952346271932,2018-11-01,6.2,-0.6,15.5,325.0,14.7
2018-11-03,2714.9430720011364,10.793648219770823,2940.069477329125,60.58771639400053,2018-11-03,7.6,4.9,13.6,18.0,33.5
2018-11-04,1448.3900899887067,7.984599037302851,1605.4802444971488,79.2416666083865,2018-11-04,9.9,6.1,15.0,331.0,25.3
2018-11-05,2873.7996292114235,11.001594106356263,3092.2262002380803,62.90604435073,2018-11-05,7.0,2.6,15.6,262.0,37.8
2018-11-06,2683.80467393663,10.5873004297415,3017.7506994606765,61.274644480811176,2018-11-06,6.8,1.6,12.0,274.0,49.0
2018-11-07,1487.1338134341747,8.135541326469834,1667.633032342911,62.754532946480595,2018-11-07,6.6,3.0,12.2,316.0,30.9
2018-11-08,1105.2472989824062,7.381592025359467,1257.0125655413385,66.61109595828582,2018-11-08,7.4,2.0,11.5,256.0,39.3
2018-11-09,797.1914372709048,6.512810370988311,885.9116463729046,59.649652322133335,2018-11-09,7.3,2.0,14.0,248.0,22.5
2018-11-11,,,,,2018-11-11,10.2,3.0,17.0,270.0,23.3
2018-11-12,,,,,2018-11-12,12.4,8.4,17.2,284.0,37.6
2018-11-13,,,,,2018-11-13,11.0,4.0,18.0,302.0,34.5
2018-11-14,514.3180953131773,7.1718001166979395,1178.9596013796804,38.79649435149294,2018-11-14,11.8,7.5,18.7,287.0,33.7
2018-11-15,888.8688921586909,5.5136354029592445,902.6058189385072,102.34099945653625,2018-11-15,7.2,1.5,17.5,270.0,41.1
2018-11-16,2281.1601687537277,9.346846593750826,2299.3859792812254,70.22316070009636,2018-11-16,7.3,3.0,13.9,264.0,43.5
2018-11-17,1533.5592956542941,7.871060041917685,1559.9411469906636,73.7018547323014,2018-11-17,7.7,0.3,15.0,282.0,28.2
2018-11-18,1402.3597322305022,7.92789043817254,1430.1755906490655,120.62797127829634,2018-11-18,9.9,6.0,15.0,286.0,47.8
2018-11-19,2545.7355613708473,12.617582745022217,2627.3064121840507,201.50614897410026,2018-11-19,9.0,6.0,15.0,293.0,45.7
2018-11-20,1500.0169799592745,8.107938889000133,1737.7606651587994,204.5942181481251,2018-11-20,7.3,3.9,14.6,280.0,34.9
2018-11-22,1712.2866694318736,7.3595060716486405,1763.195820270981,95.18502112229649,2018-11-22,5.7,-2.0,14.0,304.0,28.5
2018-11-23,1956.2252580854604,8.722701152165717,1994.9963267996454,43.836939440833156,2018-11-23,11.6,7.5,16.2,300.0,45.6
2018-11-24,894.6338853571137,5.802364723136019,944.3603648446891,102.66931189431068,2018-11-24,10.9,5.8,16.4,294.0,43.6
2018-11-25,1288.5178139143509,6.263844379120382,1337.440658528052,207.49656571282236,2018-11-25,10.9,5.0,16.7,278.0,41.5
2018-11-26,3601.720531887476,18.008666992187454,3600.0,193.80322986178874,2018-11-26,11.1,3.8,16.0,277.0,40.6
2018-11-27,3467.4726664225236,15.366260538498514,3494.342871554348,192.79875310262003,2018-11-27,11.3,5.5,18.0,263.0,36.0
2018-11-28,3029.62094542715,12.083565291431178,3059.6632979124133,118.29854016461279,2018-11-28,9.7,1.6,17.6,324.0,22.1
2018-11-29,3581.2621019151447,15.167111191484615,3593.194288834276,32.80901324748988,2018-11-29,10.3,7.0,15.2,303.0,18.6
2018-11-30,2042.4518340428654,11.883966121408639,2712.2584744525466,32.44917890760629,2018-11-30,9.1,2.3,15.6,243.0,29.9
2018-12-03,229.68772117790922,3.626130457967515,257.88638196196433,123.26215261883164,2018-12-03,8.7,7.0,20.5,38.0,28.1
2018-12-04,901.6881373050421,6.793144716833624,1027.5222462052075,80.60884436725685,2018-12-04,7.9,3.3,13.2,295.0,25.4
2018-12-05,1543.9145465426964,11.45745247602459,2902.987524926388,32.0688903662893,2018-12-05,9.2,2.4,15.0,263.0,22.7
2018-12-06,3120.0492808024064,14.059284084373008,3416.0536286741376,20.237689766618892,2018-12-06,12.2,7.0,21.0,281.0,41.2
2018-12-07,1036.082331749713,5.856930048515389,982.5176062803491,76.91189221541072,2018-12-07,13.3,6.5,21.2,259.0,39.0
2018-12-08,1739.9555233808012,8.308105982840036,1769.3684452517698,192.35503927866569,2018-12-08,11.8,4.5,18.6,277.0,34.5
2018-12-09,3546.339135064017,13.955405169063091,3569.1603913360236,198.0558265050248,2018-12-09,11.6,7.0,18.0,278.0,39.4
2018-12-10,2046.0069448881654,8.878665488627197,2132.737342904821,185.401214877764,2018-12-10,11.1,9.0,17.6,330.0,22.2
2018-12-11,826.4268009873715,5.458442689643958,867.3650316517364,202.19944947295687,2018-12-11,10.3,5.6,14.6,264.0,27.9
2018-12-12,297.10232064805683,5.91776184075408,673.9747706445748,201.3523685894903,2018-12-12,12.9,7.6,18.0,313.0,32.9
2018-12-13,1984.703002929685,9.231468937463212,2117.2394989857517,186.6458394262521,2018-12-13,12.6,9.0,18.3,319.0,22.7
2018-12-14,1532.826214048595,8.24660852882596,1713.9559156214298,197.68624623616492,2018-12-14,8.6,0.5,17.7,302.0,32.9
2018-12-15,2418.399922688799,10.988332473569423,2506.399739990157,182.68544875250876,2018-12-15,14.4,9.0,21.9,296.0,44.3
2018-12-16,623.8222516717173,5.269568493382789,718.5324516454315,134.69303707943988,2018-12-16,8.2,2.4,22.3,250.0,34.3
2018-12-17,8.177609013087702,1.978894040878135,14.778259422978618,150.72177166725243,2018-12-17,10.2,6.0,14.0,255.0,52.5
2018-12-18,1713.3906666773044,8.2527770495249,1708.2248135208804,47.01607151826217,2018-12-18,11.4,6.5,19.0,282.0,34.1
